date,open,close,high,low,volume_lots,amount,pct,vendor_turnover,nav,shares,share_delta,aum,estimated_net_subscription,premium_pct,turnover_pct,main_flow
2026-09-01,0.836,0.832,0.843,0.829,389428.0,32461738.238,-0.95,3.25,0.8308,1019461422.0,7000000.0,846968549.3975999,5815600.0,0.1444390948483365,3.819938563599712,-3511972.0
2026-09-02,0.825,0.818,0.83,0.816,358019.0,29357349.664,-1.68,2.99,0.8189,1028461422.0,9000000.0,842207058.4757999,7370100.0,-0.10990352912443324,3.481112585669742,-3318334.0
2026-09-03,0.82,0.832,0.836,0.82,494588.0,41068254.15,1.71,4.13,0.8298,1044461422.0,16000000.0,866694087.9756,13276800.0,0.26512412629549065,4.735340047820359,-1802350.0
2026-09-04,0.838,0.816,0.846,0.81,647508.0,53710359.843,-1.92,5.41,0.8136,1064461422.0,20000000.0,866045812.9392,16272000.0,0.2949852507374562,6.082963521434222,-10432549.0
2026-09-07,0.811,0.831,0.837,0.811,354953.0,29490753.248,1.84,2.97,0.8297,1071461422.0,7000000.0,888991541.8334,5807900.0,0.1566831384837819,3.312793094663561,2220925.0
2026-09-08,0.832,0.827,0.835,0.822,311526.0,25810992.828,-0.48,2.6,0.8248,1076461422.0,5000000.0,887865380.8656,4124000.0,0.2667313288069906,2.893982019543288,-931197.0
2026-09-09,0.826,0.821,0.829,0.814,367387.0,30138080.418,-0.73,3.07,0.82,1093461422.0,17000000.0,896638366.04,13940000.0,0.12195121951219523,3.3598533300610587,-5468794.0
2026-09-10,0.817,0.807,0.817,0.803,536559.0,43336096.931,-1.71,4.48,0.806,1119461422.0,26000000.0,902285906.1320001,20956000.0,0.12406947890819531,4.793010187357756,-5485899.0
2026-09-11,0.796,0.791,0.802,0.776,376348.0,29556424.076,-1.98,3.15,0.7922,1128461422.0,9000000.0,893967138.5084,7129800.0,-0.15147689977278445,3.335054195587733,-4188549.0
2026-09-14,0.785,0.796,0.804,0.78,302315.0,24115897.093,0.63,2.53,0.7973,1139461422.0,11000000.0,908492591.7606,8770300.0,-0.16305029474475985,2.6531394057147817,-379771.0
2026-09-15,0.796,0.789,0.798,0.78,464056.0,36789974.476,-0.88,3.88,0.7882,1162461422.0,23000000.0,916252092.8204,18128600.0,0.10149708195890117,3.9920120463146005,-7015398.0
2026-09-16,0.788,0.795,0.799,0.779,288578.0,22754988.8,0.76,2.41,0.7962,1168461422.0,6000000.0,930328984.1964,4777200.0,-0.15071590052749828,2.46972638177523,534553.0
2026-09-17,0.79,0.806,0.812,0.79,384674.0,30982660.1,1.38,3.22,0.8061,1174461422.0,6000000.0,946733352.2742001,4836600.0,-0.012405408758220382,3.275322567385274,867713.0
2026-09-18,0.816,0.817,0.819,0.809,347249.0,28291323.331,1.36,2.9,0.8181,1175461422.0,1000000.0,961644989.3382001,818100.0,-0.13445789023347476,2.954150544636079,-310026.0
2026-09-21,0.818,0.821,0.83,0.818,366672.0,30230516.61,0.49,3.06,0.8211,1190461422.0,15000000.0,977487873.6042,12316500.0,-0.012178784557315137,3.0800830100313825,134093.0
2026-09-22,0.825,0.822,0.83,0.817,255477.0,21012398.397,0.12,2.14,0.8212,1189461422.0,-1000000.0,976785719.7464,-821200.0,0.09741841207986379,2.1478376286507257,-32668.0
2026-09-23,0.821,0.818,0.822,0.814,181252.0,14832478.0,-0.49,1.51,0.8187,1187461422.0,-2000000.0,972174666.1913999,-1637400.0,-0.08550140466593303,1.5263822187564084,712276.0
2026-09-24,0.816,0.813,0.829,0.812,209898.0,17209880.514,-0.61,1.75,0.8124,1192461422.0,5000000.0,968755659.2328,4062000.0,0.07385524372229835,1.760207887043913,-252874.0
2026-09-28,0.812,0.794,0.812,0.79,281088.0,22399569.168,-2.34,2.35,0.7937,1191461422.0,-1000000.0,945662930.6414,-793700.0,0.03779765654530198,2.3591867500683543,-761435.0
2026-09-29,0.792,0.795,0.799,0.786,236344.0,18727495.901,0.13,1.98,0.7956,1196461422.0,5000000.0,951904707.3432,3978000.0,-0.07541478129712287,1.9753582995173244,621689.0
