weight,f_premiumrate,fundengnm,d_tradingday,c_stockshort,l_number,c_stockshorten,c_stockcode,c_fundid
5.38,,Invesco Great Wall CNI Robot Industry ETF,2026-09-30,双环传动,1600,SHUANGHUAN COMPANY,002472,159559
5.31,,Invesco Great Wall CNI Robot Industry ETF,2026-09-30,领益智造,5100,LY iTECH,002600,159559
4.79,,Invesco Great Wall CNI Robot Industry ETF,2026-09-30,绿的谐波,200,Leaderdrive,688017,159559
4.24,,Invesco Great Wall CNI Robot Industry ETF,2026-09-30,机器人,3800,SIASUN,300024,159559
3.92,,Invesco Great Wall CNI Robot Industry ETF,2026-09-30,埃斯顿,1600,ESTUN AUTOMATION,002747,159559
3.63,,Invesco Great Wall CNI Robot Industry ETF,2026-09-30,浙江荣泰,800,Zhejiang Rongtai,603119,159559
3.55,,Invesco Great Wall CNI Robot Industry ETF,2026-09-30,峰岹科技,200,FORTIOR,688279,159559
3.32,,Invesco Great Wall CNI Robot Industry ETF,2026-09-30,石头科技,333,Roborock,688169,159559
3.23,,Invesco Great Wall CNI Robot Industry ETF,2026-09-30,科大讯飞,1000,iFLYTEK,002230,159559
3.23,,Invesco Great Wall CNI Robot Industry ETF,2026-09-30,震裕科技,400,Zhenyu TECH,300953,159559
3.21,,Invesco Great Wall CNI Robot Industry ETF,2026-09-30,昊志机电,600,HAOZHI INDUSTRIAL,300503,159559
2.89,,Invesco Great Wall CNI Robot Industry ETF,2026-09-30,盈峰环境,4100,INFORE ENVIRO,000967,159559
2.78,,Invesco Great Wall CNI Robot Industry ETF,2026-09-30,三花智控,900,Sanhua,002050,159559
2.74,,Invesco Great Wall CNI Robot Industry ETF,2026-09-30,汇川技术,600,Inovance,300124,159559
2.74,,Invesco Great Wall CNI Robot Industry ETF,2026-09-30,鸣志电器,600,MOONS’,603728,159559
2.66,,Invesco Great Wall CNI Robot Industry ETF,2026-09-30,拓斯达,1000,TOPSTAR,300607,159559
2.47,,Invesco Great Wall CNI Robot Industry ETF,2026-09-30,拓普集团,600,Tuopu Group,601689,159559
2.30,,Invesco Great Wall CNI Robot Industry ETF,2026-09-30,南网科技,536,CSG Technology,688248,159559
2.29,,Invesco Great Wall CNI Robot Industry ETF,2026-09-30,奥比中光,310,Orbbec,688322,159559
2.25,,Invesco Great Wall CNI Robot Industry ETF,2026-09-30,雷赛智能,500,Leadshine,002979,159559
2.10,,Invesco Great Wall CNI Robot Industry ETF,2026-09-30,中信重工,5300,CHIC,601608,159559
1.91,,Invesco Great Wall CNI Robot Industry ETF,2026-09-30,固高科技,800,GoogolTech,301510,159559
1.80,,Invesco Great Wall CNI Robot Industry ETF,2026-09-30,兆威机电,300,ZHAOWEI,003021,159559
1.78,,Invesco Great Wall CNI Robot Industry ETF,2026-09-30,富临精工,1600,Fulin Precision,300432,159559
1.65,,Invesco Great Wall CNI Robot Industry ETF,2026-09-30,步科股份,200,Kinco,688160,159559
1.59,,Invesco Great Wall CNI Robot Industry ETF,2026-09-30,中大力德,300,ZD Leader,002896,159559
1.58,,Invesco Great Wall CNI Robot Industry ETF,2026-09-30,三丰智能,2900,SANF,300276,159559
1.50,,Invesco Great Wall CNI Robot Industry ETF,2026-09-30,奥普光电,400,UP OPTOTECH,002338,159559
1.45,,Invesco Great Wall CNI Robot Industry ETF,2026-09-30,天智航,1080,Tinavi,688277,159559
1.43,,Invesco Great Wall CNI Robot Industry ETF,2026-09-30,航天智装,1000,ASIET,300455,159559
1.40,,Invesco Great Wall CNI Robot Industry ETF,2026-09-30,凌云光,380,Luster,688400,159559
1.33,,Invesco Great Wall CNI Robot Industry ETF,2026-09-30,拓邦股份,1600,Topband,002139,159559
1.28,,Invesco Great Wall CNI Robot Industry ETF,2026-09-30,科沃斯,300,ECOVACS,603486,159559
1.11,,Invesco Great Wall CNI Robot Industry ETF,2026-09-30,埃夫特,848,EFORT,688165,159559
1.09,,Invesco Great Wall CNI Robot Industry ETF,2026-09-30,贝斯特,700,BEST,300580,159559
1.06,,Invesco Great Wall CNI Robot Industry ETF,2026-09-30,汉威科技,400,Hanwei Electronics,300007,159559
0.96,,Invesco Great Wall CNI Robot Industry ETF,2026-09-30,科力尔,1300,KELI,002892,159559
0.91,,Invesco Great Wall CNI Robot Industry ETF,2026-09-30,国茂股份,800,GUOMAO REDUCER,603915,159559
0.91,,Invesco Great Wall CNI Robot Industry ETF,2026-09-30,华中数控,400,HCNC,300161,159559
0.84,,Invesco Great Wall CNI Robot Industry ETF,2026-09-30,科大智能,1000,CSG,300222,159559
0.84,,Invesco Great Wall CNI Robot Industry ETF,2026-09-30,柯力传感,200,Keli,603662,159559
0.80,,Invesco Great Wall CNI Robot Industry ETF,2026-09-30,信捷电气,200,xinje,603416,159559
0.73,,Invesco Great Wall CNI Robot Industry ETF,2026-09-30,伟创电气,200,VEICHI,688698,159559
0.69,,Invesco Great Wall CNI Robot Industry ETF,2026-09-30,丰立智能,200,FORE,301368,159559
0.57,,Invesco Great Wall CNI Robot Industry ETF,2026-09-30,赛摩智能,900,Saimo Technology,300466,159559
0.54,,Invesco Great Wall CNI Robot Industry ETF,2026-09-30,弘讯科技,600,TECHMATION,603015,159559
0.46,,Invesco Great Wall CNI Robot Industry ETF,2026-09-30,安培龙,100,Ampron,301413,159559
0.45,,Invesco Great Wall CNI Robot Industry ETF,2026-09-30,克来机电,300,Kelai Mechatronics,603960,159559
0.27,,Invesco Great Wall CNI Robot Industry ETF,2026-09-30,鼎智科技,0,DINGS,920593,159559
0.00,,Invesco Great Wall CNI Robot Industry ETF,2026-09-30,奥普特,0,OPT,688686,159559
