rank,code,name,weight_pct,shares_10k,value_10k
1,002600,领益智造,6.09,796.44,"13,810.26"
2,300024,机器人,5.02,588.14,"11,368.78"
3,688017,绿的谐波,4.90,26.57,"11,103.84"
4,002472,双环传动,4.65,253.92,"10,540.33"
5,002747,埃斯顿,4.11,249.82,"9,325.74"
6,603119,浙江荣泰,3.90,133.32,"8,844.38"
7,300953,震裕科技,3.89,66.02,"8,827.17"
8,300503,昊志机电,3.65,89.72,"8,281.61"
9,000967,盈峰环境,2.92,627.69,"6,609.62"
10,002050,三花智控,2.80,144.84,"6,348.34"
11,002230,科大讯飞,2.79,155.07,"6,332.87"
12,300607,拓斯达,2.79,153.45,"6,326.68"
13,688322,奥比中光,2.74,47.59,"6,212.38"
14,300124,汇川技术,2.69,92.00,"6,102.60"
15,688248,南网科技,2.53,82.92,"5,736.48"
16,601689,拓普集团,2.51,100.86,"5,690.52"
17,603728,鸣志电器,2.40,89.47,"5,450.56"
18,300432,富临精工,2.26,254.93,"5,121.60"
19,688169,石头科技,2.16,51.56,"4,896.58"
20,688279,峰岹科技,2.14,21.66,"4,861.55"
21,002979,雷赛智能,2.07,84.14,"4,693.22"
22,002338,奥普光电,1.79,70.84,"4,051.77"
23,301510,固高科技,1.78,126.09,"4,025.95"
24,002896,中大力德,1.76,52.20,"3,986.85"
25,688400,凌云光,1.74,59.51,"3,939.79"
26,601608,中信重工,1.72,819.58,"3,909.40"
27,003021,兆威机电,1.63,42.35,"3,698.98"
28,300455,航天智装,1.52,160.30,"3,452.89"
29,300276,三丰智能,1.41,447.26,"3,206.88"
30,688277,天智航,1.26,166.81,"2,852.41"
31,688165,埃夫特,1.18,131.14,"2,675.34"
32,300007,汉威科技,1.08,63.97,"2,443.65"
33,002139,拓邦股份,1.07,255.84,"2,435.60"
34,603486,科沃斯,1.06,47.50,"2,410.41"
35,603662,柯力传感,1.04,33.15,"2,359.29"
36,300222,科大智能,0.93,151.94,"2,104.36"
37,300580,贝斯特,0.90,101.85,"2,048.19"
38,688160,步科股份,0.86,18.00,"1,957.89"
39,603416,信捷电气,0.85,36.37,"1,922.88"
40,300161,华中数控,0.85,65.87,"1,918.22"
41,002892,科力尔,0.80,198.50,"1,802.35"
42,603915,国茂股份,0.74,117.98,"1,674.14"
43,688686,奥普特,0.65,8.73,"1,470.58"
44,301413,安培龙,0.60,19.26,"1,365.36"
45,301368,丰立智能,0.59,32.23,"1,341.81"
46,603015,弘讯科技,0.55,101.71,"1,235.78"
47,688698,伟创电气,0.53,22.83,"1,197.60"
48,300466,赛摩智能,0.43,137.13,965.42
49,603960,克来机电,0.31,40.89,711.89
50,920593,鼎智科技,0.27,21.40,607.70
51,001399,惠科股份,0.01,0.65,17.99
52,688635,长进光子,0.00,0.01,3.94
53,603459,红板科技,0.00,0.03,2.78
54,001365,天海电子,0.00,0.07,2.25
55,301696,三瑞智能,0.00,0.02,1.87
56,001237,惠康科技,0.00,0.03,1.67
57,001393,维通利,0.00,0.04,1.51
58,301531,春光集团,0.00,0.03,1.50
59,301599,理奇智能,0.00,0.04,1.41
60,601112,振石股份,0.00,0.08,1.36
61,301680,固德电材,0.00,0.01,1.31
62,688781,视涯科技,0.00,0.02,1.03
63,603407,长裕集团,0.00,0.01,1.01
64,688712,北芯生命,0.00,0.02,0.84
65,603435,嘉德利,0.00,0.01,0.49
66,603352,至信股份,0.00,0.01,0.29
