dateStr,indexcode,indexname,seccode,secname,trade,weight
2026-09-29,,,002472,双环传动,可选消费,5.52
2026-09-29,,,002600,领益智造,信息技术,5.37
2026-09-29,,,300024,机器人,工业,4.25
2026-09-29,,,688017,绿的谐波,工业,4.13
2026-09-29,,,002747,埃斯顿,工业,3.98
2026-09-29,,,603119,浙江荣泰,工业,3.91
2026-09-29,,,300953,震裕科技,工业,3.49
2026-09-29,,,688169,石头科技,可选消费,3.32
2026-09-29,,,002230,科大讯飞,信息技术,3.25
2026-09-29,,,300503,昊志机电,工业,3.17
2026-09-29,,,002050,三花智控,可选消费,--
2026-09-29,,,000967,盈峰环境,工业,--
2026-09-29,,,300124,汇川技术,工业,--
2026-09-29,,,601689,拓普集团,可选消费,--
2026-09-29,,,603728,鸣志电器,工业,--
2026-09-29,,,300607,拓斯达,工业,--
2026-09-29,,,688279,峰岹科技,信息技术,--
2026-09-29,,,002979,雷赛智能,工业,--
2026-09-29,,,688248,南网科技,工业,--
2026-09-29,,,688322,奥比中光,信息技术,--
2026-09-29,,,601608,中信重工,工业,--
2026-09-29,,,301510,固高科技,工业,--
2026-09-29,,,300432,富临精工,可选消费,--
2026-09-29,,,002896,中大力德,工业,--
2026-09-29,,,002338,奥普光电,信息技术,--
2026-09-29,,,003021,兆威机电,工业,--
2026-09-29,,,300276,三丰智能,工业,--
2026-09-29,,,300455,航天智装,工业,--
2026-09-29,,,688277,天智航,医药卫生,--
2026-09-29,,,688400,凌云光,信息技术,--
2026-09-29,,,002139,拓邦股份,信息技术,--
2026-09-29,,,603486,科沃斯,可选消费,--
2026-09-29,,,688165,埃夫特,工业,--
2026-09-29,,,300007,汉威科技,信息技术,--
2026-09-29,,,300580,贝斯特,可选消费,--
2026-09-29,,,688160,步科股份,工业,--
2026-09-29,,,300161,华中数控,工业,--
2026-09-29,,,002892,科力尔,工业,--
2026-09-29,,,603416,信捷电气,工业,--
2026-09-29,,,603662,柯力传感,信息技术,--
2026-09-29,,,603915,国茂股份,工业,--
2026-09-29,,,300222,科大智能,工业,--
2026-09-29,,,301368,丰立智能,工业,--
2026-09-29,,,688686,奥普特,信息技术,--
2026-09-29,,,603015,弘讯科技,工业,--
2026-09-29,,,301413,安培龙,信息技术,--
2026-09-29,,,300466,赛摩智能,信息技术,--
2026-09-29,,,688698,伟创电气,工业,--
2026-09-29,,,603960,克来机电,可选消费,--
2026-09-29,,,920593,鼎智科技,工业,--
