Ticker,Name,Weight (%),Ticker.1,Name.1,Weight (%).1
2472,SHUANGHUAN COMPANY,5.38,2896,ZD Leader,1.59
2600,LY iTECH,5.31,300276,SANF,1.58
688017,Leaderdrive,4.79,2338,UP OPTOTECH,1.5
300024,SIASUN,4.24,688277,Tinavi,1.45
2747,ESTUN AUTOMATION,3.92,300455,ASIET,1.43
603119,Zhejiang Rongtai,3.63,688400,Luster,1.4
688279,FORTIOR,3.55,2139,Topband,1.33
688169,Roborock,3.32,603486,ECOVACS,1.28
2230,iFLYTEK,3.23,688165,EFORT,1.11
300953,Zhenyu TECH,3.23,300580,BEST,1.09
300503,HAOZHI INDUSTRIAL,3.21,300007,Hanwei Electronics,1.06
967,INFORE ENVIRO,2.89,2892,KELI,0.96
2050,Sanhua,2.78,603915,GUOMAO REDUCER,0.91
300124,Inovance,2.74,300161,HCNC,0.91
603728,MOONS’,2.74,300222,CSG,0.84
300607,TOPSTAR,2.66,603662,Keli,0.84
601689,Tuopu Group,2.47,603416,xinje,0.8
688248,CSG Technology,2.3,688698,VEICHI,0.73
688322,Orbbec,2.29,301368,FORE,0.69
2979,Leadshine,2.25,300466,Saimo Technology,0.57
601608,CHIC,2.1,603015,TECHMATION,0.54
301510,GoogolTech,1.91,301413,Ampron,0.46
3021,ZHAOWEI,1.8,603960,Kelai Mechatronics,0.45
300432,Fulin Precision,1.78,920593,DINGS,0.27
688160,Kinco,1.65,688686,OPT,0.0
