date,open,high,low,close,volume_lots,amount_10k_cny,change_pct,turnover_pct
2026-07-20,7.680,7.850,7.350,7.470,597296.000,45281.16,-1.71,4.61
2026-07-21,7.480,7.600,6.910,7.600,616530.000,45144.08,1.74,4.76
2026-07-22,7.530,7.690,7.440,7.490,407789.000,30785.57,-1.45,3.15
2026-07-23,7.490,7.820,7.460,7.770,484817.000,37276.51,3.74,3.74
2026-07-24,7.780,7.950,7.590,7.600,561740.000,43723.82,-2.19,4.34
2026-07-27,7.600,7.910,7.500,7.910,499690.000,39031.86,4.08,3.86
2026-07-28,7.850,8.070,7.810,7.880,392153.000,31096.37,-0.38,3.03
2026-07-29,7.890,7.960,7.690,7.930,418263.000,32769.18,0.63,3.23
2026-07-30,7.870,7.980,7.690,7.730,383789.000,30002.38,-2.52,2.96
2026-07-31,7.860,8.040,7.860,7.910,467355.000,37158.75,2.33,3.61
2026-08-03,7.900,8.140,7.890,8.130,504384.000,40663.15,2.78,3.89
2026-08-04,8.250,8.350,8.130,8.310,420466.000,34760.31,2.21,3.25
2026-08-05,8.310,8.550,8.280,8.450,462121.000,39086.54,1.68,3.57
2026-08-06,8.460,9.230,8.430,8.690,1233153.000,107879.52,2.84,9.52
2026-08-07,8.690,9.520,8.520,9.170,1661644.000,149275.61,5.52,12.83
2026-08-10,9.170,9.210,8.710,9.030,1320603.000,117815.55,-1.53,10.19
2026-08-11,8.700,8.810,8.440,8.700,1038666.000,90027.98,-3.65,8.02
2026-08-12,8.680,8.840,8.580,8.800,578624.000,50539.44,1.15,4.47
2026-08-13,8.850,8.940,8.710,8.710,561364.000,49413.56,-1.02,4.33
2026-08-14,8.710,8.780,8.490,8.640,421427.000,36326.27,-0.80,3.25
2026-08-17,8.710,8.790,8.550,8.760,377806.000,32755.67,1.39,2.92
2026-08-18,8.740,8.750,8.500,8.620,370270.000,31816.65,-1.60,2.86
2026-08-19,8.730,8.740,7.770,7.810,1094889.000,87899.45,-9.40,8.45
2026-08-20,7.970,7.980,7.660,7.710,428442.000,33284.08,-1.28,3.31
2026-08-21,7.640,7.790,7.550,7.760,295585.000,22759.97,0.65,2.28
2026-08-24,7.750,7.760,7.420,7.540,332786.000,25129.77,-2.84,2.57
2026-08-25,7.480,7.830,7.430,7.780,394563.000,30344.17,3.18,3.05
2026-08-26,7.780,7.860,7.710,7.800,244815.000,19085.51,0.26,1.89
2026-08-27,7.800,7.960,7.760,7.950,317674.000,25090.68,1.92,2.45
2026-08-28,7.940,8.020,7.900,7.960,278819.000,22207.83,0.13,2.15
2026-08-31,7.900,8.060,7.860,8.060,278808.000,22257.04,1.26,2.15
2026-09-01,8.020,8.170,7.990,8.150,322619.000,26128.44,1.12,2.49
2026-09-02,8.080,8.270,8.060,8.250,491885.000,40341.96,1.23,3.80
2026-09-03,8.250,8.280,8.120,8.140,342486.000,28000.15,-1.33,2.64
2026-09-04,8.160,8.330,8.060,8.120,382720.000,31360.76,-0.25,2.95
2026-09-07,8.090,8.140,8.030,8.060,251320.000,20275.97,-0.74,1.94
2026-09-08,8.060,8.190,8.010,8.180,276952.000,22579.37,1.49,2.14
2026-09-09,8.180,8.280,8.120,8.180,296586.000,24288.55,0.00,2.29
2026-09-10,8.130,8.300,8.090,8.240,335976.000,27626.49,0.73,2.59
2026-09-11,8.160,8.460,8.030,8.410,887211.000,73755.62,2.06,6.85
2026-09-14,8.340,8.600,8.250,8.300,657619.000,54980.38,-1.31,5.08
2026-09-15,8.250,8.290,8.100,8.110,399975.000,32679.62,-2.29,3.09
2026-09-16,8.150,8.540,8.150,8.330,561597.000,46769.95,2.71,4.34
2026-09-17,8.250,8.320,8.100,8.130,394225.000,32271.27,-2.40,3.04
2026-09-18,8.180,8.350,8.170,8.230,349098.000,28802.14,1.23,2.69
2026-09-21,8.320,8.390,8.240,8.350,348269.000,29000.12,1.46,2.69
2026-09-22,8.370,8.420,8.260,8.300,344496.000,28731.33,-0.60,2.66
2026-09-23,8.260,8.500,8.050,8.150,604647.000,49616.79,-1.81,4.67
2026-09-24,8.310,8.970,8.310,8.970,2229786.000,197737.25,10.06,17.21
