time_Asia_Shanghai,price_CNY,cumulative_volume_shares,cumulative_amount_CNY,outer_volume_raw,inner_volume_raw
2026-08-07T09:30:00+08:00,8.69,839000,7290910,419500,419500
2026-08-07T09:31:00+08:00,8.63,3782900,32854385,1664500,1898500
2026-08-07T09:32:00+08:00,8.55,5972300,51697404,2345700,3381600
2026-08-07T09:33:00+08:00,8.63,7586900,65512758,3000800,4174500
2026-08-07T09:34:00+08:00,8.61,8971800,77470653,3710000,4850200
2026-08-07T09:35:00+08:00,8.61,9831400,84880592,4153000,5164400
2026-08-07T09:36:00+08:00,8.57,11212300,96746729,4854700,5828100
2026-08-07T09:37:00+08:00,8.64,12230300,105478646,5462400,6238400
2026-08-07T09:38:00+08:00,8.66,13212400,113967073,6128300,6554600
2026-08-07T09:39:00+08:00,8.6,13574400,117091768,6249700,6761600
2026-08-07T09:40:00+08:00,8.66,14490100,124989264,6897000,7030000
2026-08-07T09:41:00+08:00,8.64,15147600,130671500,7101500,7483000
2026-08-07T09:42:00+08:00,8.62,15962000,137697760,7354200,8044700
2026-08-07T09:43:00+08:00,8.63,16522300,142527320,7784600,8168900
2026-08-07T09:44:00+08:00,8.61,16862400,145459060,7934800,8358800
2026-08-07T09:45:00+08:00,8.59,17698700,152655740,8363200,8766700
2026-08-07T09:46:00+08:00,8.56,18499800,159518170,8639900,9227500
2026-08-07T09:47:00+08:00,8.6,19443200,167616670,9261500,9438300
2026-08-07T09:48:00+08:00,8.57,19948200,171945920,9390800,9814000
2026-08-07T09:49:00+08:00,8.61,20640800,177902810,9839800,10040300
2026-08-07T09:50:00+08:00,8.65,21655400,186660210,10637600,10257100
2026-08-07T09:51:00+08:00,8.6,22319100,192377580,10979400,10576100
2026-08-07T09:52:00+08:00,8.6,22587600,194688910,11053300,10745300
2026-08-07T09:53:00+08:00,8.59,22981800,198078300,11103700,11089100
2026-08-07T09:54:00+08:00,8.59,23440700,202020140,11212300,11439400
2026-08-07T09:55:00+08:00,8.57,23900100,205959670,11297000,11814100
2026-08-07T09:56:00+08:00,8.56,24598400,211936000,11454300,12355100
2026-08-07T09:57:00+08:00,8.55,25350800,218369720,11767700,12794100
2026-08-07T09:58:00+08:00,8.56,25651400,220941410,11911000,12951400
2026-08-07T09:59:00+08:00,8.62,26266900,226222210,12321400,13106900
2026-08-07T10:00:00+08:00,8.6,26545301,228621060,12428000,13263001
2026-08-07T10:01:00+08:00,8.61,27001901,232554260,12680901,13466700
2026-08-07T10:02:00+08:00,8.62,27298201,235108610,12896501,13547400
2026-08-07T10:03:00+08:00,8.61,27855601,239911020,13207401,13785000
2026-08-07T10:04:00+08:00,8.58,28103601,242044590,13286001,13954400
2026-08-07T10:05:00+08:00,8.6,28360401,244251970,13459301,14037900
2026-08-07T10:06:00+08:00,8.6,28507401,245516190,13484401,14159800
2026-08-07T10:07:00+08:00,8.59,28773901,247806160,13594801,14315900
2026-08-07T10:08:00+08:00,8.6,29166101,251177170,13890101,14407600
2026-08-07T10:09:00+08:00,8.59,29361401,252855690,13940901,14552100
2026-08-07T10:10:00+08:00,8.6,29588101,254805660,14112601,14607100
2026-08-07T10:11:00+08:00,8.62,29984201,258216360,14482301,14633500
2026-08-07T10:12:00+08:00,8.61,30260601,260598610,14501601,14890600
2026-08-07T10:13:00+08:00,8.61,30451401,262241750,14551001,15032000
2026-08-07T10:14:00+08:00,8.61,30637801,263845780,14594101,15175300
2026-08-07T10:15:00+08:00,8.6,31102401,267840950,14733101,15500900
2026-08-07T10:16:00+08:00,8.61,31345101,269929840,14829701,15647000
2026-08-07T10:17:00+08:00,8.63,31975901,275375330,15249301,15858200
2026-08-07T10:18:00+08:00,8.61,32287701,278064480,15360301,16059000
2026-08-07T10:19:00+08:00,8.61,32472801,279658320,15435801,16168600
2026-08-07T10:20:00+08:00,8.6,32646701,281154030,15465301,16313000
2026-08-07T10:21:00+08:00,8.6,32885301,283206530,15514701,16502200
2026-08-07T10:22:00+08:00,8.59,33129201,285301830,15565401,16695400
2026-08-07T10:23:00+08:00,8.58,33333351,287054440,15623951,16841000
2026-08-07T10:24:00+08:00,8.6,33584551,289213520,15711251,17004900
2026-08-07T10:25:00+08:00,8.59,33754051,290669900,15747451,17138200
2026-08-07T10:26:00+08:00,8.58,34009101,292859370,15843951,17296750
2026-08-07T10:27:00+08:00,8.56,34322201,295541510,15862951,17590850
2026-08-07T10:28:00+08:00,8.56,34659401,298428220,15905451,17885550
2026-08-07T10:29:00+08:00,8.56,34907001,300547370,15989151,18049450
2026-08-07T10:30:00+08:00,8.57,35048501,301759240,16028951,18151150
2026-08-07T10:31:00+08:00,8.56,35187001,302945240,16081651,18236950
2026-08-07T10:32:00+08:00,8.58,35438401,305100130,16263651,18306350
2026-08-07T10:33:00+08:00,8.57,35588001,306383450,16315251,18404350
2026-08-07T10:34:00+08:00,8.57,35774401,307980860,16361051,18544950
2026-08-07T10:35:00+08:00,8.58,35942901,309424440,16447451,18627050
2026-08-07T10:36:00+08:00,8.57,36084001,310633880,16527551,18688050
2026-08-07T10:37:00+08:00,8.59,36297351,312464980,16706601,18722350
2026-08-07T10:38:00+08:00,8.59,36612101,315168460,16883001,18860700
2026-08-07T10:39:00+08:00,8.59,36821451,316965650,16953051,19000000
2026-08-07T10:40:00+08:00,8.61,37317651,321230650,17364751,19084500
2026-08-07T10:41:00+08:00,8.6,37511351,322896110,17431051,19211900
2026-08-07T10:42:00+08:00,8.59,37652751,324110820,17447051,19337300
2026-08-07T10:43:00+08:00,8.58,37773651,325148410,17532351,19372900
2026-08-07T10:44:00+08:00,8.58,37993651,327036690,17590751,19534500
2026-08-07T10:45:00+08:00,8.58,38120551,328126630,17635351,19616800
2026-08-07T10:46:00+08:00,8.57,38288051,329563260,17646851,19772800
2026-08-07T10:47:00+08:00,8.58,38376151,330318900,17686851,19820900
2026-08-07T10:48:00+08:00,8.58,38668551,332827510,17888451,19911700
2026-08-07T10:49:00+08:00,8.57,38717251,333245150,17921851,19927000
2026-08-07T10:50:00+08:00,8.57,38803751,333986870,17980851,19954500
2026-08-07T10:51:00+08:00,8.58,39191351,337310280,18357351,19965600
2026-08-07T10:52:00+08:00,8.59,39292251,338176560,18445151,19978700
2026-08-07T10:53:00+08:00,8.59,39340651,338592150,18488251,19984000
2026-08-07T10:54:00+08:00,8.57,39548251,340373020,18514551,20165300
2026-08-07T10:55:00+08:00,8.58,39581751,340660200,18524551,20188800
2026-08-07T10:56:00+08:00,8.57,39710551,341764050,18525551,20316600
2026-08-07T10:57:00+08:00,8.56,39875051,343173450,18588051,20418600
2026-08-07T10:58:00+08:00,8.56,40005251,344288740,18657451,20479400
2026-08-07T10:59:00+08:00,8.57,40088051,344997860,18681551,20538100
2026-08-07T11:00:00+08:00,8.56,40200651,345962230,18715951,20616300
2026-08-07T11:01:00+08:00,8.57,40500251,348528270,18900451,20731400
2026-08-07T11:02:00+08:00,8.56,40580351,349214140,18915351,20796600
2026-08-07T11:03:00+08:00,8.57,40858251,351593280,19127151,20862700
2026-08-07T11:04:00+08:00,8.56,40896251,351918770,19163951,20863900
2026-08-07T11:05:00+08:00,8.57,40987051,352696130,19177051,20941600
2026-08-07T11:06:00+08:00,8.56,41132951,353946340,19310051,20954500
2026-08-07T11:07:00+08:00,8.56,41217251,354668190,19341751,21007100
2026-08-07T11:08:00+08:00,8.57,41369851,355975280,19428251,21073200
2026-08-07T11:09:00+08:00,8.57,41423051,356431200,19441451,21113200
2026-08-07T11:10:00+08:00,8.56,41556951,357578440,19456151,21232400
2026-08-07T11:11:00+08:00,8.58,41666651,358518710,19548751,21249500
2026-08-07T11:12:00+08:00,8.58,41857451,360155280,19695451,21293600
2026-08-07T11:13:00+08:00,8.58,41948751,360937890,19734951,21345400
2026-08-07T11:14:00+08:00,8.59,42141851,362594520,19899651,21373800
2026-08-07T11:15:00+08:00,8.59,42265751,363658490,19952851,21444500
2026-08-07T11:16:00+08:00,8.59,42330951,364218630,19994251,21468300
2026-08-07T11:17:00+08:00,8.59,42475551,365459870,20023851,21583300
2026-08-07T11:18:00+08:00,8.59,42611351,366626220,20032551,21710300
2026-08-07T11:19:00+08:00,8.6,42724851,367601580,20125651,21730700
2026-08-07T11:20:00+08:00,8.6,43141551,371185460,20513151,21747700
2026-08-07T11:21:00+08:00,8.62,43313451,372665170,20646551,21784800
2026-08-07T11:22:00+08:00,8.6,43480051,374100090,20704351,21893600
2026-08-07T11:23:00+08:00,8.63,43662151,375668960,20885951,21894100
2026-08-07T11:24:00+08:00,8.63,43876251,377516640,21040751,21953400
2026-08-07T11:25:00+08:00,8.64,44132351,379728800,21199051,22051200
2026-08-07T11:26:00+08:00,8.65,44688051,384537440,21580351,22225600
2026-08-07T11:27:00+08:00,8.63,44859351,386016850,21621151,22356100
2026-08-07T11:28:00+08:00,8.63,44942751,386736710,21665551,22395100
2026-08-07T11:29:00+08:00,8.64,45002951,387256570,21697051,22423800
2026-08-07T11:30:00+08:00,8.63,45133851,388386940,21766651,22485100
2026-08-07T13:01:00+08:00,8.65,45633151,392698930,22096651,22654400
2026-08-07T13:02:00+08:00,8.64,45771351,393893080,22168051,22721200
2026-08-07T13:03:00+08:00,8.64,45968951,395600610,22332051,22754800
2026-08-07T13:04:00+08:00,8.64,46120651,396911470,22385651,22852900
2026-08-07T13:05:00+08:00,8.63,46188651,397499000,22398351,22908200
2026-08-07T13:06:00+08:00,8.63,46274251,398237790,22413251,22978900
2026-08-07T13:07:00+08:00,8.63,46414651,399449480,22420751,23111800
2026-08-07T13:08:00+08:00,8.62,46470351,399929960,22428151,23154200
2026-08-07T13:09:00+08:00,8.63,46805551,402821410,22632851,23284700
2026-08-07T13:10:00+08:00,8.64,46961851,404171580,22717151,23356700
2026-08-07T13:11:00+08:00,8.63,47048951,404923860,22775051,23385900
2026-08-07T13:12:00+08:00,8.64,47307751,407159810,22903551,23516200
2026-08-07T13:13:00+08:00,8.64,47468251,408545700,22956551,23604200
2026-08-07T13:14:00+08:00,8.63,47561351,409350050,23008651,23645200
2026-08-07T13:15:00+08:00,8.64,47787751,411305000,23086851,23793400
2026-08-07T13:16:00+08:00,8.65,47996351,413109100,23269551,23819300
2026-08-07T13:17:00+08:00,8.66,48336151,416050320,23589351,23839300
2026-08-07T13:18:00+08:00,8.66,48533151,417756550,23726351,23899300
2026-08-07T13:19:00+08:00,8.65,48725351,419419670,23794551,24023300
2026-08-07T13:20:00+08:00,8.64,48843351,420440330,23862751,24073100
2026-08-07T13:21:00+08:00,8.65,48925851,421153890,23940651,24077700
2026-08-07T13:22:00+08:00,8.65,48964251,421486060,23963251,24093500
2026-08-07T13:23:00+08:00,8.65,49046151,422195120,24019851,24118800
2026-08-07T13:24:00+08:00,8.66,49299851,424389720,24055951,24336400
2026-08-07T13:25:00+08:00,8.65,49363751,424942450,24108751,24347500
2026-08-07T13:26:00+08:00,8.65,49529051,426371910,24243151,24378400
2026-08-07T13:27:00+08:00,8.64,49614751,427112400,24254951,24452300
2026-08-07T13:28:00+08:00,8.64,49659751,427501330,24270551,24481700
2026-08-07T13:29:00+08:00,8.64,49741051,428203840,24278051,24555500
2026-08-07T13:30:00+08:00,8.65,49948851,430001220,24460551,24580800
2026-08-07T13:31:00+08:00,8.68,50408751,433987000,24852151,24649100
2026-08-07T13:32:00+08:00,8.67,50624751,435860060,24919351,24797900
2026-08-07T13:33:00+08:00,8.66,50690951,436433630,24955351,24828100
2026-08-07T13:34:00+08:00,8.67,50775851,437169230,25008551,24859800
2026-08-07T13:35:00+08:00,8.66,50824651,437591970,25022351,24894800
2026-08-07T13:36:00+08:00,8.67,50887751,438138790,25062851,24917400
2026-08-07T13:37:00+08:00,8.67,50949751,438676080,25097851,24944400
2026-08-07T13:38:00+08:00,8.67,51152751,440435950,25286951,24958300
2026-08-07T13:39:00+08:00,8.65,51447451,442988130,25349051,25190900
2026-08-07T13:40:00+08:00,8.65,51704651,445212670,25472351,25324800
2026-08-07T13:41:00+08:00,8.66,52117651,448789460,25668051,25542100
2026-08-07T13:42:00+08:00,8.68,52425451,451458330,25930951,25587000
2026-08-07T13:43:00+08:00,8.68,52581451,452811990,26043151,25630800
2026-08-07T13:44:00+08:00,8.67,52706451,453896950,26160251,25638700
2026-08-07T13:45:00+08:00,8.67,52770651,454453800,26175151,25688000
2026-08-07T13:46:00+08:00,8.69,53014951,456575400,26418651,25688800
2026-08-07T13:47:00+08:00,8.68,53332551,459335150,26549951,25875100
2026-08-07T13:48:00+08:00,8.69,53445551,460316470,26602251,25935800
2026-08-07T13:49:00+08:00,8.68,53533551,461081090,26676251,25949800
2026-08-07T13:50:00+08:00,8.69,53625951,461883520,26747051,25971400
2026-08-07T13:51:00+08:00,8.69,53724851,462742300,26772851,26044500
2026-08-07T13:52:00+08:00,8.68,53904551,464303030,26874751,26122300
2026-08-07T13:53:00+08:00,8.66,54259451,467382530,26883551,26468400
2026-08-07T13:54:00+08:00,8.65,54594251,470278890,27019451,26667300
2026-08-07T13:55:00+08:00,8.65,54723251,471394340,27073451,26742300
2026-08-07T13:56:00+08:00,8.65,54764351,471749950,27080551,26776300
2026-08-07T13:57:00+08:00,8.66,54955651,473406110,27223851,26824300
2026-08-07T13:58:00+08:00,8.66,55015151,473921870,27258851,26848800
2026-08-07T13:59:00+08:00,8.65,55305051,476432330,27294051,27103500
2026-08-07T14:00:00+08:00,8.64,55620151,479156620,27321351,27391300
2026-08-07T14:01:00+08:00,8.63,55874251,481350150,27393651,27573100
2026-08-07T14:02:00+08:00,8.63,56034151,482730210,27427651,27699000
2026-08-07T14:03:00+08:00,8.64,56131351,483569510,27475751,27748100
2026-08-07T14:04:00+08:00,8.62,56245951,484558780,27511251,27827200
2026-08-07T14:05:00+08:00,8.64,56368551,485616930,27612951,27848100
2026-08-07T14:06:00+08:00,8.64,56456151,486373310,27695751,27852900
2026-08-07T14:07:00+08:00,8.71,60384551,520562010,30486751,28853600
2026-08-07T14:08:00+08:00,8.7,61188851,527557860,30900251,29244400
2026-08-07T14:09:00+08:00,8.71,61884351,533611420,31502551,29337600
2026-08-07T14:10:00+08:00,8.71,62664751,540407760,31962251,29658300
2026-08-07T14:11:00+08:00,8.83,66259551,571950740,34696451,30338600
2026-08-07T14:12:00+08:00,8.87,71355351,617222130,38170351,31960500
2026-08-07T14:13:00+08:00,9,76609651,664308620,41836551,32834600
2026-08-07T14:14:00+08:00,9.06,81538551,708604460,45056051,34394600
2026-08-07T14:15:00+08:00,9.22,90580751,791666820,50783051,36462000
2026-08-07T14:16:00+08:00,9.36,98772851,867326690,55942651,39494500
2026-08-07T14:17:00+08:00,9.38,103454351,911327110,58376822,41012129
2026-08-07T14:18:00+08:00,9.28,105659951,931899170,58984322,42353429
2026-08-07T14:19:00+08:00,9.34,108543151,958615530,60973022,43247929
2026-08-07T14:20:00+08:00,9.49,117008668,1038591340,67699739,44986729
2026-08-07T14:21:00+08:00,9.44,120637168,1072998170,68564339,47394829
2026-08-07T14:22:00+08:00,9.37,123062468,1095866130,69499500,48846968
2026-08-07T14:23:00+08:00,9.32,124826753,1112332900,70382685,49561368
2026-08-07T14:24:00+08:00,9.22,127454968,1136677600,70739485,51832783
2026-08-07T14:25:00+08:00,9.27,131754068,1176397790,73695085,53176283
2026-08-07T14:26:00+08:00,9.19,133883768,1196030240,74403785,54597283
2026-08-07T14:27:00+08:00,9.2,134902670,1205392630,74944785,55075185
2026-08-07T14:28:00+08:00,9.22,136469770,1219820640,75532785,56054285
2026-08-07T14:29:00+08:00,9.19,138052670,1234379960,75705685,57412585
2026-08-07T14:30:00+08:00,9.19,138810770,1241347170,76022185,57854185
2026-08-07T14:31:00+08:00,9.16,140831270,1259861940,76744005,59152865
2026-08-07T14:32:00+08:00,9.18,141347870,1264598300,77088805,59324665
2026-08-07T14:33:00+08:00,9.2,142411870,1274382790,77809605,59667865
2026-08-07T14:34:00+08:00,9.19,143574970,1285068760,78318505,60322065
2026-08-07T14:35:00+08:00,9.2,144501070,1293596960,78820105,60746565
2026-08-07T14:36:00+08:00,9.21,145008870,1298272170,79187705,60886765
2026-08-07T14:37:00+08:00,9.19,145947270,1306902300,79455005,61557865
2026-08-07T14:38:00+08:00,9.19,146455770,1311575090,79599005,61922365
2026-08-07T14:39:00+08:00,9.2,146984970,1316442920,79875005,62175565
2026-08-07T14:40:00+08:00,9.23,147610970,1322209390,80421405,62255165
2026-08-07T14:41:00+08:00,9.23,148922170,1334319870,81085405,62902365
2026-08-07T14:42:00+08:00,9.22,149651070,1341044660,81301605,63415065
2026-08-07T14:43:00+08:00,9.2,150187470,1345984700,81401205,63851865
2026-08-07T14:44:00+08:00,9.22,150928670,1352816300,81796205,64198065
2026-08-07T14:45:00+08:00,9.23,151724770,1360167100,82373905,64416465
2026-08-07T14:46:00+08:00,9.21,152696370,1369129800,82556205,65205765
2026-08-07T14:47:00+08:00,9.21,153330170,1374965900,82834505,65561265
2026-08-07T14:48:00+08:00,9.2,153913170,1380331300,82976705,66002065
2026-08-07T14:49:00+08:00,9.19,155276270,1392873000,83237305,67104565
2026-08-07T14:50:00+08:00,9.19,156117070,1400601900,83354305,67828365
2026-08-07T14:51:00+08:00,9.18,157010570,1408812400,83818605,68257565
2026-08-07T14:52:00+08:00,9.19,157678870,1414951800,84280605,68463865
2026-08-07T14:53:00+08:00,9.17,159525270,1431897700,84741105,69849765
2026-08-07T14:54:00+08:00,9.17,160152570,1437648000,85176905,70041265
2026-08-07T14:55:00+08:00,9.16,160864770,1444175500,85686505,70243865
2026-08-07T14:56:00+08:00,9.17,162377770,1458037000,86240805,71202565
2026-08-07T14:57:00+08:00,9.17,163967270,1472609100,87039905,71992965
2026-08-07T14:58:00+08:00,9.17,164077070,1473615500,87149705,71992965
2026-08-07T14:59:00+08:00,9.17,164077070,1473615500,87149705,71992965
2026-08-07T15:00:00+08:00,9.17,166164370,1492756000,88193355,73036615
