time_Asia_Shanghai,open_CNY,high_CNY,low_CNY,close_CNY,volume_shares,amount_CNY
2026-08-07 09:35:00+08:00,8.69,8.77,8.52,8.61,9831400,84880592
2026-08-07 09:40:00+08:00,8.60,8.67,8.56,8.66,4658700,40108672
2026-08-07 09:45:00+08:00,8.65,8.65,8.59,8.59,3208600,27666476
2026-08-07 09:50:00+08:00,8.59,8.65,8.55,8.65,3956700,34004470
2026-08-07 09:55:00+08:00,8.64,8.64,8.57,8.57,2244700,19299460
2026-08-07 10:00:00+08:00,8.57,8.63,8.55,8.60,2645201,22661390
2026-08-07 10:05:00+08:00,8.60,8.63,8.58,8.60,1815100,15630910
2026-08-07 10:10:00+08:00,8.60,8.61,8.58,8.60,1227700,10553690
2026-08-07 10:15:00+08:00,8.60,8.62,8.59,8.60,1514300,13035290
2026-08-07 10:20:00+08:00,8.60,8.65,8.60,8.60,1544300,13313080
2026-08-07 10:25:00+08:00,8.61,8.61,8.58,8.59,1107350,9515870
2026-08-07 10:30:00+08:00,8.60,8.60,8.55,8.57,1294450,11089340
2026-08-07 10:35:00+08:00,8.57,8.59,8.56,8.58,894400,7665200
2026-08-07 10:40:00+08:00,8.57,8.61,8.57,8.61,1374750,11806210
2026-08-07 10:45:00+08:00,8.61,8.61,8.58,8.58,802900,6895980
2026-08-07 10:50:00+08:00,8.58,8.59,8.57,8.57,683200,5860240
2026-08-07 10:55:00+08:00,8.58,8.59,8.57,8.58,778000,6673330
2026-08-07 11:00:00+08:00,8.57,8.58,8.56,8.56,618900,5302030
2026-08-07 11:05:00+08:00,8.57,8.57,8.55,8.57,786400,6733900
2026-08-07 11:10:00+08:00,8.57,8.58,8.56,8.56,569900,4882310
2026-08-07 11:15:00+08:00,8.56,8.59,8.56,8.59,708800,6080050
2026-08-07 11:20:00+08:00,8.59,8.61,8.57,8.60,875800,7526970
2026-08-07 11:25:00+08:00,8.60,8.64,8.60,8.64,990800,8543340
2026-08-07 11:30:00+08:00,8.64,8.66,8.63,8.63,1001500,8658140
2026-08-07 13:05:00+08:00,8.64,8.65,8.62,8.63,1054800,9112060
2026-08-07 13:10:00+08:00,8.64,8.64,8.62,8.64,773200,6672580
2026-08-07 13:15:00+08:00,8.64,8.65,8.63,8.64,825900,7133420
2026-08-07 13:20:00+08:00,8.64,8.67,8.64,8.64,1055600,9135330
2026-08-07 13:25:00+08:00,8.64,8.66,8.64,8.65,520400,4502120
2026-08-07 13:30:00+08:00,8.65,8.66,8.64,8.65,585100,5058770
2026-08-07 13:35:00+08:00,8.66,8.68,8.65,8.66,875800,7590750
2026-08-07 13:40:00+08:00,8.66,8.67,8.64,8.65,880000,7620700
2026-08-07 13:45:00+08:00,8.65,8.68,8.65,8.67,1066000,9241130
2026-08-07 13:50:00+08:00,8.68,8.69,8.67,8.69,855300,7429720
2026-08-07 13:55:00+08:00,8.68,8.69,8.64,8.65,1097300,9510820
2026-08-07 14:00:00+08:00,8.65,8.67,8.64,8.64,896900,7762280
2026-08-07 14:05:00+08:00,8.64,8.64,8.62,8.64,748400,6460310
2026-08-07 14:10:00+08:00,8.64,8.75,8.63,8.71,6296200,54790830
2026-08-07 14:15:00+08:00,8.71,9.27,8.69,9.22,27916000,251259060
2026-08-07 14:20:00+08:00,9.22,9.52,9.16,9.49,26427917,246924520
2026-08-07 14:25:00+08:00,9.49,9.51,9.22,9.27,14745400,137806450
2026-08-07 14:30:00+08:00,9.26,9.26,9.18,9.19,7056702,64949380
2026-08-07 14:35:00+08:00,9.20,9.22,9.14,9.20,5690300,52249790
2026-08-07 14:40:00+08:00,9.20,9.23,9.18,9.23,3109900,28612430
2026-08-07 14:45:00+08:00,9.23,9.24,9.20,9.23,4113800,37957710
2026-08-07 14:50:00+08:00,9.22,9.23,9.19,9.19,4392300,40434800
2026-08-07 14:55:00+08:00,9.20,9.20,9.16,9.16,4747700,43573600
2026-08-07 15:00:00+08:00,9.16,9.18,9.16,9.17,5299600,48580500
